year,Base case cost,Modeled wind power
2019,139350.820723,
2020,148206.746845,
2021,154950.846624,
2022,159654.628693,
2023,163061.968556,
2024,165953.889062,
2025,169391.875482,
2026,173648.960774,
2027,177120.379801,
2028,180912.194645,
2029,184869.315158,
2030,187434.339062,
2031,192270.922875,
2032,196284.693082,
2033,201177.92659,
2034,206104.592706,
2035,209691.16849,
2036,214679.127719,
2037,217854.2967,
2038,222454.994897,
