year,Base case cost,Modeled transmission and interties
2021,566805.329021,
2022,588891.629216,
2023,607099.864037,
2024,622521.367053,
2025,639664.305572,
2026,660125.136202,
2027,679624.819611,
2028,696221.719384,
2029,717811.079684,
2030,733572.555054,
2031,756036.767624,
2032,778808.963901,
2033,802246.970367,
2034,827326.812681,
2035,846679.943457,
2036,873144.968531,
2037,893400.47669,
2038,920931.541988,
2039,945289.036043,
2040,973957.558075,
