year,Base case cost,Modeled residential ashp
2017,5635.15430097,
2018,6088.28763091,
2019,6737.77873714,
2020,7039.86762377,
2021,7266.43428873,
2022,7417.47873204,
2023,7538.31428669,
2024,7628.94095268,
2025,7749.77650733,
2026,7885.71650631,
2027,7991.44761663,
2028,8097.17872694,
2029,8218.01428159,
2030,8293.53650325,
2031,8444.58094656,
