year,Base case cost,Modeled residential ashp
2017,369924.691766,
2018,401320.334624,
2019,452170.694624,
2020,475284.494624,
2021,492619.844624,
2022,499210.850043,
2023,507202.680043,
2024,515194.510043,
2025,516766.172901,
2026,526915.292901,
2027,535936.732901,
2028,537078.90832,
2029,545988.34832,
2030,545722.843739,
2031,555619.963739,
