year,Base case cost,Modeled residential ashp
2017,1137434.06,1361065.76064
2018,1273301.18,1463522.08468
2019,1466911.78,1615041.43107
2020,1555426.6,1679402.65714
2021,1625225.42,1730655.80314
2022,1682225.35,1771755.57495
2023,1714849.77,1791121.12315
2024,1750790.4,1815454.01303
2025,1783637.28,1835382.17802
2026,1833877.62,1871881.90132
2027,1866940.8,1892350.76505
2028,1906812.64,1920770.83283
2029,1942863.56,1944043.79514
2030,1977748.41,1968765.01722
2031,2029771.89,2007812.56633
