year,Base case cost,Modeled transmission and interties
2021,477248.762492,
2022,493861.404235,
2023,509396.74233,
2024,521618.700642,
2025,535560.074138,
2026,551293.439752,
2027,565317.650339,
2028,577887.55308,
2029,594666.192139,
2030,606438.931905,
2031,623019.136505,
2032,640883.491556,
2033,658644.594474,
2034,676886.304959,
2035,690207.377753,
2036,709106.612544,
2037,721603.871633,
2038,742609.43629,
2039,758252.575119,
2040,777244.178169,
