year,Base case cost,Modeled residential ashp
2017,50819.4236358,78632.6488687
2018,55640.3912908,82501.1928533
2019,62389.7460077,87917.1544317
2020,65420.0685337,90348.8106506
2021,67623.9394617,92117.2879007
2022,69276.8426577,93443.6458382
2023,70378.7781217,94327.8844633
2024,71342.9716527,95101.5932602
2025,72444.9071167,95985.8318853
2026,73684.5845137,96980.6003384
2027,74924.2619107,97975.3687916
2028,71206.497559,94094.3318107
2029,72501.2867645,95116.9999675
2030,73148.6813672,95628.3340459
2031,74443.4705727,96651.0022027
