year,Base case cost,Modeled residential ashp
2017,463369.406591,634810.273655
2018,501645.457915,665778.742257
2019,547286.353957,702805.885825
2020,571610.389695,721263.96637
2021,590994.125586,735499.512276
2022,606346.071324,746292.313255
2023,619721.277214,755441.994779
2024,631046.912952,762873.848759
2025,643572.998538,771455.808494
2026,658473.684732,782233.482956
2027,672396.340471,792232.745206
2028,690361.961795,806599.634495
2029,699545.202403,811873.381726
2030,716701.823423,825695.376294
2031,732416.679465,837634.874309
