year,Base case cost,Modeled water and wastewater efficiency
2017,0.0,2782.65239839
2018,0.0,2717.43398508
2019,0.0,2653.74412562
2020,0.0,2591.5469979
2021,0.0,2530.80761432
2022,0.0,2471.49181008
2023,0.0,2413.56622281
2024,0.0,2356.99826335
2025,0.0,2301.75611576
2026,0.0,2247.80870814
2027,0.0,2195.12569222
2028,0.0,2143.67743169
2029,0.0,2093.43499341
2030,0.0,2044.37010953
2031,0.0,1996.45518618
