year,Base case cost,Modeled non-residential ashp
2017,297497.416283,
2018,326658.661268,
2019,368048.81544,
2020,386862.521882,
2021,400972.801714,
2022,411320.340257,
2023,417905.137511,
2024,424489.934766,
2025,431074.732021,
2026,439540.89992,
2027,447066.382496,
2028,453651.179751,
2029,461176.662328,
2030,466820.774261,
2031,475286.942159,
