year,Base case cost,Modeled non-residential ashp
2017,29823.6592008,
2018,32535.9592008,
2019,36333.1792008,
2020,38141.3792008,
2021,39407.1192008,
2022,40311.2192008,
2023,41034.4992008,
2024,41576.9592008,
2025,42209.8292008,
2026,43023.5192008,
2027,43656.3892008,
2028,44198.8492008,
2029,45012.5392008,
2030,45464.5892008,
2031,46278.2792008,
