year,Base case cost,Modeled water and wastewater efficiency
2017,0.0,8982.84223072
2018,0.0,8772.30686585
2019,0.0,8566.70592408
2020,0.0,8365.92375373
2021,0.0,8169.84741586
2022,0.0,7978.36661738
2023,0.0,7791.37364981
2024,0.0,7608.76332902
2025,0.0,7430.43293872
2026,0.0,7256.28216734
2027,0.0,7086.21305338
2028,0.0,6920.12993552
2029,0.0,6757.93938951
2030,0.0,6599.55018573
2031,0.0,6444.87322806
