year,Base case cost,Modeled non-residential ashp
2017,2546134.4,2597756.70425
2018,2848563.04,2894899.92334
2019,3262374.1,3302082.25176
2020,3453424.8,3489298.36362
2021,3588751.32,3621514.46176
2022,3684299.35,3714478.36683
2023,3755973.04,3783896.3784
2024,3811733.51,3837630.31549
2025,3883435.68,3907140.22228
2026,3971032.02,3992377.83442
2027,4034756.7,4054069.25963
2028,4098478.15,4115786.6347
2029,4178123.25,4193259.09378
2030,4217973.2,4231456.88579
2031,4305575.55,4316843.06782
