year,Base case cost,Modeled residential ashp
2017,330581.309826,578293.818842
2018,361117.124601,597213.798842
2019,401022.559287,623023.857345
2020,426781.568569,639743.614357
2021,449894.49363,654971.454168
2022,463425.040484,661768.402047
2023,482093.077599,674331.813688
2024,493363.620352,679864.200477
2025,511595.497178,692461.94677
2026,532963.781084,707517.845093
2027,551771.579868,720892.307079
2028,570829.779503,734614.051164
2029,599361.759364,757384.291115
2030,617958.758625,771091.786016
2031,640055.246199,787609.154515
