year,Base case cost,Modeled solar power (pv)
2016,205380.753731,
2017,249899.595784,
2018,281341.20259,
2019,326862.358052,
2020,353332.548909,
2021,370924.804006,
2022,384981.921181,
2023,396379.076604,
2024,406515.689066,
2025,417129.957884,
2026,430743.021247,
2027,446694.347702,
2028,458590.598805,
2029,471726.549897,
2030,481702.214637,
2031,496835.517492,
2032,513641.794302,
2033,530664.86838,
2034,546180.121059,
2035,562053.851651,
