year,Base case cost,Modeled residential ashp
2017,6098.55668804,
2018,6556.72483275,
2019,6111.49645748,
2020,6379.75422579,
2021,6558.592738,
2022,6707.6248315,
2023,6797.04408761,
2024,6886.46334371,
2025,6975.88259981,
2026,7095.10827462,
2027,7199.43074007,
2028,5947.03394142,
2029,6044.51047727,
2030,6093.2487452,
2031,6190.72528105,
