year,Base case cost,Modeled residential ashp
2017,20937.0511769,
2018,22809.3072509,
2019,26041.1720865,
2020,26957.0412817,
2021,28065.5693015,
2022,28130.9435364,
2023,27996.7066293,
2024,27675.3164529,
2025,27487.0954304,
2026,27269.8060382,
2027,27023.4482762,
2028,26677.2849432,
2029,26374.8667538,
2030,25102.2508819,
2031,24793.746345,
