year,Base case cost,Modeled non-residential ashp
2017,100712.44209,
2018,103823.448993,
2019,116978.675136,
2020,122958.323382,
2021,127443.059567,
2022,122218.570126,
2023,124175.15828,
2024,126131.746433,
2025,119166.172411,
2026,121506.55738,
2027,123586.899575,
2028,116017.761165,
2029,117942.344808,
2030,109723.767244,
2031,111713.695471,
