year,Base case cost,Modeled non-residential ashp
2017,36574.259136,
2018,39284.0567899,
2019,43024.9471252,
2020,44781.9134019,
2021,46010.6158761,
2022,46924.3166013,
2023,47558.2331644,
2024,48072.8012387,
2025,48700.848204,
2026,49463.8959189,
2027,50093.8994167,
2028,50620.2066867,
2029,51328.4714887,
2030,51764.778259,
2031,52541.521702,
