year,Base case cost,Modeled residential ashp
2017,436348.854244,807679.549761
2018,454396.284639,817210.720756
2019,481874.777134,835457.029054
2020,497559.013778,843657.414372
2021,508537.979428,847696.850905
2022,516380.09775,849006.989443
2023,530863.11093,857228.878543
2024,535642.287573,856014.56506
2025,541217.993656,855661.176828
2026,548386.758621,856895.473479
2027,553962.464705,856795.126016
2028,558741.641348,856087.036401
2029,556374.901191,848218.863848
2030,560295.960352,846955.016621
2031,567353.866841,848674.93265
