year,Base case cost,Modeled residential ashp
2017,191054.898246,231299.383635
2018,202768.317789,243314.243584
2019,218723.477333,259811.533467
2020,226195.757029,267368.411876
2021,231170.436725,272298.461762
2022,234646.596421,275655.331791
2023,237382.906269,278238.578039
2024,239370.196116,280038.859566
2025,241856.505964,282372.484278
2026,244841.775812,285239.229296
2027,258020.719763,298278.901919
2028,260353.959611,300465.655552
2029,263207.699459,303206.603415
2030,265019.899307,304857.435759
2031,268133.559155,307884.190349
