year,Base case cost,Modeled residential ashp
2017,91694.6896002,651721.124749
2018,102821.906879,604306.048999
2019,118238.39312,539277.76192
2020,126122.445864,504866.33694
2021,131289.530481,477434.054681
2022,135078.725867,455154.09627
2023,138241.887435,438773.432646
2024,140666.379662,421852.865391
2025,143869.099448,405904.633337
2026,147351.497021,385684.29386
2027,150137.415079,368113.486007
2028,153050.290573,354011.307777
2029,155361.011437,334742.171563
2030,157102.210223,321397.706666
2031,160584.607796,302060.562862
