year,Base case cost,Modeled solar power
2020,616952.670358,
2021,640896.828765,
2022,659516.833387,
2023,675290.668445,
2024,688409.693426,
2025,701855.725123,
2026,717615.026549,
2027,728767.974116,
2028,737851.493998,
2029,750035.521999,
2030,753244.224933,
2031,766816.214772,
2032,781831.07128,
2033,795462.810495,
2034,808231.413464,
2035,815775.983222,
2036,827515.928029,
2037,833082.309012,
2038,844244.138243,
2039,852978.043537,
