year,Base case cost,Modeled non-residential ashp
2017,125561.480559,
2018,137509.311562,
2019,154150.933315,
2020,154447.635341,
2021,159741.734946,
2022,163814.119257,
2023,158696.647229,
2024,161023.258902,
2025,155516.390495,
2026,158462.78084,
2027,152527.576415,
2028,154620.55026,
2029,148295.949456,
2030,141078.992513,
2031,143867.996539,
