year,Base case cost,Modeled residential ashp
2017,658259.128773,
2018,742922.043776,
2019,842107.007108,
2020,893641.384681,
2021,927997.636396,
2022,951600.578102,
2023,963570.887023,
2024,962157.220913,
2025,971075.58409,
2026,982300.275862,
2027,993157.200019,
2028,1003833.57529,
2029,988490.241993,
2030,970096.66898,
2031,966813.285584,
