year,Base case cost,Modeled residential ashp
2017,3300.34092211,
2018,3688.41494959,
2019,4218.78278716,
2020,4477.49880549,
2021,4658.60001831,
2022,4787.95802748,
2023,4891.44443481,
2024,4969.0592403,
2025,5059.60984672,
2026,5176.03205496,
2027,5266.58266138,
2028,5344.19746687,
2029,5460.61967512,
2030,5525.2986797,
2031,5641.72088795,
