year,Base case cost,Modeled residential ashp
2017,172837.594405,232529.255385
2018,190401.59521,252507.949774
2019,215283.929685,280811.10016
2020,226993.263555,294130.229753
2021,235287.375047,303564.613215
2022,231987.385415,301136.596266
2023,236203.157246,305956.041493
2024,239482.090891,309704.498891
2025,243697.862722,314523.944118
2026,248850.472737,320414.377173
2027,253066.244568,325233.822399
2028,256813.597306,329517.773712
2029,250628.644155,324003.568779
2030,253322.339795,327099.713349
2031,258260.781801,332775.978395
