year,Base case cost,Modeled residential ashp
2017,357131.109659,633822.480051
2018,402731.070169,666162.256976
2019,459535.770951,707105.599664
2020,502120.8695,739426.955452
2021,545215.997567,773903.852707
2022,583354.568041,804155.41367
2023,621930.825413,836180.532586
2024,656965.816776,864782.32927
2025,698043.693284,899238.416404
2026,741225.39484,935607.034356
2027,782445.812924,970731.760874
2028,828634.87581,1010932.40144
2029,874242.341322,1050048.65141
2030,918696.317375,1089328.80848
2031,965855.959824,1130199.43756
