year,Base case cost,Modeled non-residential ashp
2017,215213.387258,
2018,240074.211604,
2019,262935.681913,
2020,273672.920584,
2021,281181.813551,
2022,286765.655933,
2023,290639.670777,
2024,293784.318628,
2025,308675.224943,
2026,313511.566274,
2027,317504.648091,
2028,320840.483521,
2029,336978.707068,
2030,339843.122996,
2031,344942.554044,
