year,Base case cost,Modeled solar power (pv)
2016,52893.6838521,
2017,64681.2246127,
2018,73547.4080229,
2019,85747.2841752,
2020,91657.1006262,
2021,95556.7820427,
2022,98306.9813061,
2023,99849.3490684,
2024,100808.223352,
2025,102654.980212,
2026,104760.419181,
2027,106575.083901,
2028,108101.891837,
2029,110552.564448,
2030,112313.742264,
2031,114637.018799,
2032,116940.845551,
2033,118796.354814,
2034,120612.964511,
2035,122039.606067,
