year,Base case cost,Modeled non-residential ashp
2017,49896.8705955,
2018,55602.2119727,
2019,63631.9516889,
2020,67435.5126071,
2021,70182.5288258,
2022,72084.3092849,
2023,73563.4718641,
2024,74831.3255035,
2025,76099.1791429,
2026,77789.6506621,
2027,79268.8132414,
2028,80325.3579409,
2029,67279.8019633,
2030,68146.5141409,
2031,69533.253625,
