year,Base case cost,Modeled transmission and interties
2021,190550.047992,
2022,195371.991133,
2023,198561.737927,
2024,201352.766372,
2025,204542.513166,
2026,208130.978309,
2027,211320.725103,
2028,213713.035199,
2029,217301.500342,
2030,219295.092088,
2031,223282.275581,
2032,226870.740724,
2033,230857.924217,
2034,234845.107709,
2035,237237.417805,
2036,241623.319646,
2037,244015.629742,
2038,248002.813234,
2039,251192.560028,
2040,255578.46187,
