year,Base case cost,Modeled transmission and interties
2021,332051.457796,
2022,339999.498009,
2023,345298.191484,
2024,349713.769381,
2025,355012.462856,
2026,362077.38749,
2027,367376.080965,
2028,371791.658862,
2029,377973.467916,
2030,382389.045813,
2031,388570.854867,
2032,395635.779501,
2033,402700.704135,
2034,409765.628769,
2035,414181.206665,
2036,420883.924824,
2037,425295.706006,
2038,432354.555898,
2039,437272.05933,
2040,445206.431374,
