year,Base case cost,Modeled residential ashp
2017,182737.901982,126385.344254
2018,201399.291819,142956.047379
2019,225958.567289,164601.032283
2020,241573.073949,178885.101945
2021,255212.91814,191574.633994
2022,267511.596253,203176.416537
2023,270507.653225,205728.994509
2024,281403.354181,216181.216466
2025,292472.12616,226806.509445
2026,304644.158734,238408.354734
2027,316561.254193,249818.617051
2028,328186.325887,261000.209746
2029,340486.650039,272793.700756
2030,351441.138695,283431.418698
2031,365153.778841,296510.517416
