year,Base case cost,Modeled solar power (pv)
2016,146674.542311,
2017,167863.860893,
2018,183013.639497,
2019,203075.537339,
2020,212600.195459,
2021,219288.826208,
2022,223814.486786,
2023,227105.876298,
2024,229574.418431,
2025,233431.016214,
2026,237717.012508,
2027,241192.144638,
2028,244681.257185,
2029,248600.766843,
2030,251284.008231,
2031,256069.305118,
2032,260455.161531,
2033,265488.111512,
2034,270341.313279,
2035,273520.859458,
