year,Base case cost,Modeled residential ashp
2017,4695.96191748,
2018,5073.57302576,
2019,5614.81561429,
2020,5866.55635314,
2021,6055.36190728,
2022,6181.2322767,
2023,7638.74648371,
2024,7730.58055958,
2025,7853.02599407,
2026,7990.77710787,
2027,8097.91686306,
2028,8205.05661824,
2029,8327.50205273,
2030,8404.03044929,
2031,8557.08724241,
