year,Base case cost,Modeled water and wastewater efficiency
2017,0.0,28981.5553581
2018,0.0,28302.3001541
2019,0.0,27638.9649955
2020,0.0,26991.1767526
2021,0.0,26358.5710478
2022,0.0,25740.7920399
2023,0.0,25137.4922266
2024,0.0,24548.3322497
2025,0.0,23972.9807133
2026,0.0,23411.1139799
2027,0.0,22862.4159938
2028,0.0,22326.5781208
2029,0.0,21803.298944
2030,0.0,21292.2841272
2031,0.0,20793.2462173
