year,Base case cost,Modeled non-residential ashp
2017,29865.4220007,
2018,31915.1767766,
2019,34896.6382687,
2020,36201.0276715,
2021,37225.9050594,
2022,37878.0997608,
2023,38437.1237905,
2024,38809.8064771,
2025,39275.6598352,
2026,39834.683865,
2027,40393.7078947,
2028,40766.3905813,
2029,41325.414611,
2030,41698.0972975,
2031,42257.1213273,
