year,Base case cost,Modeled non-residential ashp
2017,11030.178452,
2018,12291.3984998,
2019,14066.4489375,
2020,14907.2623028,
2021,15514.5163999,
2022,15934.9230825,
2023,16261.9060579,
2024,16542.1771797,
2025,16822.4483014,
2026,17196.1431304,
2027,17523.1261058,
2028,17756.6853739,
2029,18130.3802029,
2030,18363.939471,
2031,18737.6343,
