year,Base case cost,Modeled wind power
2019,90415.8283159,
2020,94355.5158242,
2021,97113.2970801,
2022,99280.1252096,
2023,100659.015838,
2024,101840.92209,
2025,103219.812718,
2026,104795.687721,
2027,106174.578349,
2028,107356.484602,
2029,108932.359605,
2030,109917.281482,
2031,111493.156485,
2032,113266.015864,
2033,114841.890867,
2034,116614.750246,
2035,117796.656499,
2036,119569.515877,
2037,120554.437755,
2038,122327.297133,
