year,Base case cost,Modeled residential ashp
2017,430.700473764,
2018,479.330088967,
2019,549.572866482,
2020,581.99260995,
2021,605.406869122,
2022,621.616740856,
2023,634.224418871,
2024,645.031000028,
2025,655.837581184,
2026,670.246356059,
2027,682.854034074,
2028,693.66061523,
2029,708.069390105,
2030,715.273777542,
2031,731.483649277,
