year,Base case cost,Modeled residential ashp
2017,4841.30978089,
2018,5281.60063958,
2019,5898.00784175,
2020,6191.53508087,
2021,6397.00414826,
2022,6543.76776782,
2023,6661.17866347,
2024,6749.23683521,
2025,6851.9713689,
2026,6984.05862651,
2027,7086.7931602,
2028,7174.85133194,
2029,7306.93858955,
2030,7380.32039933,
2031,7512.40765693,
