year,Base case cost,Modeled residential ashp
2017,436348.854244,602716.730753
2018,454396.284639,619646.493951
2019,481874.777134,645538.620102
2020,497559.013778,660501.781134
2021,508537.979428,670975.993857
2022,516380.09775,678457.574373
2023,530863.11093,692652.157308
2024,535642.287573,697215.011268
2025,541217.993656,702538.340887
2026,548386.758621,709382.621827
2027,553962.464705,714705.951447
2028,558741.641348,719268.805407
2029,556374.901191,716613.635005
2030,560295.960352,720354.425263
2031,567353.866841,727087.847728
