year,Base case cost,Modeled solar power (pv)
2016,45144.5557565,
2017,55459.1208302,
2018,62631.6281757,
2019,72982.2317883,
2020,77586.7837111,
2021,80498.3624116,
2022,82369.0140118,
2023,83582.5908564,
2024,84318.4475343,
2025,85161.5817233,
2026,86733.8677458,
2027,87833.4622348,
2028,88688.3299016,
2029,89603.5411684,
2030,89621.9794906,
2031,91239.5232131,
2032,92981.1065578,
2033,94327.1040802,
2034,96234.6323249,
2035,97295.6739584,
