year,Base case cost,Modeled water and wastewater efficiency
2017,0.0,1679.55114054
2018,0.0,1640.18666206
2019,0.0,1601.74478691
2020,0.0,1564.2038936
2021,0.0,1527.54286435
2022,0.0,1491.741078
2023,0.0,1456.77839771
2024,0.0,1422.63515334
2025,0.0,1389.29214145
2026,0.0,1356.7306077
2027,0.0,1324.93223449
2028,0.0,1293.87913397
2029,0.0,1263.55384269
2030,0.0,1233.93929876
2031,0.0,1205.0188471
